category,occurrences,productJoinClosed,top3ProductAssets,recommendedCanaryAsset,recommendedCanaryElement,canaryHasTypedProgram,canaryCohort
SPRITE_PARTICLE / alpha_two_sided_depth_read,946,599,effect.valtan.carrier-v1.attack.swing.active.clip-02 (90) | effect.valtan.carrier-v1.attack.front-back-front.active.clip-01 (72) | effect.lancemaster.skill.34150.unified (27),effect.artist.skill.31470.unified,sprite.c65181324417a1a8,YES,cohort.29510c4e26f62614d5a3a8b3b0c1798745a8c3a010e1a2282d79c7c77afc80f5
SPRITE_PARTICLE / additive_one_sided_depth_read,639,501,effect.dimensionmaster.skill.2050540.unified (63) | effect.warlord.skill.17250.clip1.unified (46) | effect.lancemaster.skill.34150.unified (30),effect.artist.skill.31930.clip1.unified,authored.source-particle.e18940847bbd56c78fcf586a,NO,
MESH_PARTICLE / alpha_two_sided_depth_read,789,480,effect.lancemaster.skill.34150.unified (75) | effect.valtan.carrier-v1.attack.swing.active.clip-02 (51) | effect.valtan.carrier-v1.attack.front-back-front.active.clip-01 (28),effect.artist.skill.31470.unified,mesh.6ded917f52544378,YES,cohort.a10283b78b61e1d89002477faba8312e0ef5d350e05b76d85eb2145581b454b8
SPRITE_PARTICLE / alpha_one_sided_depth_read,613,422,effect.artist.skill.31210.ba4.unified (44) | effect.warlord.skill.17250.clip2.unified (43) | effect.warlord.skill.17250.clip1.unified (29),effect.artist.skill.31470.unified,sprite.bfa4e874bafe2a43,YES,cohort.2c31061de38b998b8d9321dfed8044a8cd472708e5c50ed034d86a7705cce5d1
SPRITE_PARTICLE / additive_two_sided_depth_read,694,273,effect.lancemaster.skill.34150.unified (48) | effect.dimensionmaster.skill.2050540.unified (26) | effect.warlord.skill.17250.clip1.unified (26),effect.artist.skill.31490.unified,authored.source-particle.763aea38ab1100ba9072dbfb,YES,cohort.69e052bd03a93b47c8b1f0f728af80b24c66bef9e8a1264c5842d954b3950cd1
MESH_PARTICLE / alpha_one_sided_depth_read,174,83,effect.dimensionmaster.skill.2050540.unified (7) | effect.lancemaster.skill.34630.clip1.unified (6) | effect.warlord.skill.17250.clip2.unified (6),effect.lancemaster.skill.34630.clip4.unified,authored.source-particle.538fe0779d0718d30b68ef11,YES,cohort.a7caaa7a95f12aa3c9cccddab788cf50dcd660f3c15bbd4ce8f763ed5b726f45
MESH_PARTICLE / additive_one_sided_depth_read,118,76,effect.warlord.skill.17250.clip1.unified (10) | effect.dimensionmaster.skill.2050500.unified (8) | effect.warlord.skill.17250.clip2.unified (6),effect.warlord.skill.17140.wpo-sinwave-v1.unified,authored.source-particle.8c0d6ab070c1a6c83479e590,YES,cohort.2a454937e269ec755e0351811d6897617dffd46d144c820b325cdc4afecbc66c
DECAL_PARTICLE / alpha_two_sided_depth_read,81,72,effect.valtan.carrier-v1.attack.front-back-front.active.clip-01 (8) | effect.artist.skill.31490.unified (8) | effect.lancemaster.skill.34110.unified (5),effect.lancemaster.skill.34630.clip1.unified,authored.source-decal.9e50eb1916a9ebfd546ac46b,NO,
MESH_PARTICLE / additive_two_sided_depth_read,103,26,effect.dimensionmaster.skill.2050540.unified (7) | effect.warlord.skill.17250.clip1.unified (6) | effect.lancemaster.skill.34630.clip1.unified (4),effect.warlord.skill.17250.clip1.unified,authored.source-particle.ae471a9040b183a430bc4cf1,NO,
AUTHORED_LEGACY_TRAIL / alpha_two_sided_depth_read,10,6,effect.lancemaster.skill.34010.ba4.unified (1) | effect.lancemaster.skill.34010.ba2.unified (1) | effect.lancemaster.skill.34010.ba1.unified (1),effect.artist.skill.31470.unified,ribbon.a6fe27caa16b2630,YES,cohort.9b0638c5e0d6cdeb678767a499f9dc695055fe30cf8c527f240e45f0a011a7fa
CASCADE_RIBBON / alpha_two_sided_depth_read,4,4,effect.artist.skill.31480.unified (3) | effect.artist.skill.31950.unified (1),effect.artist.skill.31950.unified,authored.source-particle.29868adeb040d5a35e2f213c,YES,cohort.a18a18e4d3cd83f85eed8f56be2df65d7f11fcedfef0c0ca0e6a35c648034342
LEGACY_STANDALONE_SPRITE / alpha_two_sided_depth_read,1106,2,effect.artist.skill.31420.unified (2),effect.artist.skill.31420.unified,sprite.artist.31420.grass-tip-emissive.v1,YES,cohort.9cc0db2b080e60b32f726945583c4f5faca795e37c1afbbbb04f359da01e1bd8
DECAL_PARTICLE / alpha_one_sided_depth_read,2,2,effect.artist.skill.31470.unified (2),effect.artist.skill.31470.unified,decal.f3b5c3b63b4a7e34,YES,cohort.fa4b151f48331e1b4288e91dfa741302d1f3bdca476e5816cab3ec17d541b0c1
AUTHORED_LEGACY_TRAIL / additive_two_sided_depth_read,2,2,effect.warlord.skill.17040.unified (1) | effect.warlord.skill.17080.clip1.unified (1),effect.warlord.skill.17040.unified,authored.source-animation-trail.d939ea3e5392a7384f335dd9,NO,
ANIM_TRAIL / alpha_one_sided_depth_read,2,2,effect.valtan.pattern.420633.active (2),effect.valtan.pattern.420633.active,valtan.420633.notify004.emitter5259,NO,
STANDALONE_MESH / alpha_two_sided_depth_read,1083,1,effect.valtan.sky-axe.active (1),effect.valtan.sky-axe.active,mesh.valtan.sky-axe.descent,NO,
LIGHT_PRESENTATION / NONE_PRESENTATION,50,1,effect.valtan.pattern.420633.active (1),effect.valtan.pattern.420633.active,valtan.420633.notify009.emitter6823,NO,
ANIM_TRAIL / additive_one_sided_depth_read,1,1,effect.valtan.pattern.420633.active (1),effect.valtan.pattern.420633.active,valtan.420633.notify004.emitter5260,NO,
MESH_PARTICLE / opaque_back_depth_write,1,1,effect.artist.skill.31470.unified (1),effect.artist.skill.31470.unified,mesh.cc04feee8a36940b,YES,cohort.1776a11e5ff05ffc26aa605b12d4958d742a112168f79906177ee9c08de177ac
STANDALONE_MESH / additive_two_sided_depth_read,255,0,effect.warlord.skill.17250.authored-baseline (29) | effect.warlord.skill.17250.authored-baseline.clip1 (22) | effect.lancemaster.skill.34540.authored-baseline (14),effect.warlord.skill.17250.authored-baseline,authored.approx.s012.mesh03,NO,
LEGACY_STANDALONE_SPRITE / additive_two_sided_depth_read,792,0,effect.lancemaster.skill.34570.authored-baseline (63) | effect.lancemaster.skill.34570.authored-baseline.clip2 (45) | effect.warlord.skill.17250.authored-baseline (43),effect.artist.skill.31200.authored-baseline,authored.approx.s001.sprite01,NO,
MESH_PARTICLE / NONE_PRESENTATION,12,0,effect.lancemaster.skill.34610.restoration-candidate (8) | effect.artist.skill.31050.restoration-candidate (4),effect.lancemaster.skill.34610.restoration-candidate,restore.lancemaster.34610.880bb6678baf21cd,NO,
LEGACY_STANDALONE_SPRITE / alpha_one_sided_depth_read,4,0,effect.dimensionmaster.skill.2050210.authored-baseline (4),effect.dimensionmaster.skill.2050210.authored-baseline,authored.baseline.a.hit04.sprite,NO,cohort.4591d1a787eded8533b00fa680dc71594637c63653be8a0f4db561632c7c4f29
PARTICLE_TYPEDATA_RIBBON_REQUIRES_CARRIER_REPLACEMENT / NONE_PRESENTATION,10,0,effect.dimensionmaster.skill.2050150 (4) | effect.artist.skill.31050.restoration-candidate (2) | effect.dimensionmaster.skill.2050110 (2),effect.artist.skill.31050.restoration-candidate,restore.artist.31050.0e584d4028d5a6c4,NO,
SCREEN_POST_PRESENTATION / NONE_PRESENTATION,59,0,effect.dimensionmaster.skill.2050210 (13) | effect.dimensionmaster.skill.2050510 (4) | effect.dimensionmaster.skill.2050540 (4),effect.dimensionmaster.skill.2050210,fx_post.fx_par.par_j_rgbnoise_01.particlespriteemitter_11.event_source,NO,
STANDALONE_MESH / alpha_one_sided_depth_read,16,0,effect.dimensionmaster.skill.2050210.authored-baseline (16),effect.dimensionmaster.skill.2050210.authored-baseline,authored.baseline.a.hit02.body,NO,cohort.4b73c45b973ead85bb0d01e9328941d6aa4836f5e009bb7e3a5e3d4c7fa82ff2
